fname ,lname,discount,date,time,shipping,book,Edition,qty,book,Edition,qty,book,Edition,qty,book,edition,qty,book,edition,qty,book,edition,qty,book,edition,qty
Sierra,Hughes,CSStudent,2023-05-15,11:07:14,ground,Closed Casket,ten year anniversary,3,Cloud Cuckoo Land,ten year anniversary,2,Moo,Pacific U Special Print,2,Everything You Know about Indians Is Wrong,1st,1,Holly,First,2,Evil Under the Sun,First,2,Flowers for Algernon,1st,1,
Thane,Ellison,  ,2023-01-17,23:48:48,ground,Home,First,3,How High We Go in the Dark,First,1,A Duty to the Dead,First,1,Holidays on Ice,1st,2,How Long 'til Black Future Month?,1st,2,
Kaye,Burt,  ,2023-06-06,22:06:41,pigeon,A Duty to the Dead,Pacific U Special Print,2,A Gentle Murderer,Pacific U Special Print,2,The Glass Hotel,1st,1,How High We Go in the Dark,First,1,Cloud Cuckoo Land,1st,1,How to Stay Smart in a Smart World,First,1,
Lee,Beach,CSStudent,2023-06-27,04:26:36,pigeon,Everyone on This Train Is a Suspect,First,1,Everything You Know about Indians Is Wrong,1st,1,Aurora,First,1,Cloud Cuckoo Land,1st,3,Alive at the End of the World,First,2,CUCKOO'S EGG,1st,3,Doomsday Book,First,1,
Blythe,Joyner,  ,2023-02-13,10:51:13,usps,Disappearing Earth,First,1,Doomsday Book,First,1,Autonomous,First,1,Alive at the End of the World,First,3,
Sean,Pugh,  ,2023-10-09,04:19:57,air,Tell the Machine Goodnight,First,3,Terra Incognita,First,1,Mickey7,First,1,Diaspora,First,1,
Thane,Ellison,CSStudent,2024-02-24,00:46:13,drone,Magic for Liars,First,2,Many Things Under a Rock,First,1,Artificial Condition,First,1,Holidays on Ice,1st,3,A Gentle Murderer,First,2,How High We Go in the Dark,First,3,
Aline,Maddox,  ,2023-04-15,18:54:47,usps,A Line to Kill,Second edition,3,A Lonely Man,Second edition,1,A Half-Built Garden,Second edition,2,A Gentle Murderer,First,3,
Quintessa,Frederick,Overstock,2022-12-17,14:57:48,pigeon,On Earth We're Briefly Gorgeous,1st,1,One by One,First,2,Neverworld Wake,1st,1,A Haunting on the Hill,First,3,
Sonia,Burnett,  ,2022-09-23,01:28:11,usps,In the Lives of Puppets,Pacific U Special Print,2,Infomocracy,Penguin Classics,2,From a Certain Point of View,Pacific U Special Print,2,All Our Yesterdays,First,2,Encyclopedia Brown and the Case of the Carnival Crime,First,1,American Hippo,First,3,
Sacha,Conway,  ,2023-01-21,03:40:52,drone,The City We Became,First,3,The Dark Forest,First,2,My Murder,First,2,Encyclopedia Brown and the Case of the Carnival Crime,First,3,Agency,First,2,Encyclopedia Brown and the Case of the Secret Pitch,First,2,
Martin,Mccarthy,Employee,2022-06-22,22:23:48,air,The Invitation,First,3,The It Girl,First,1,The Farm,First,1,A Town Called Solace,First,2,How High We Go in the Dark,First,2,Alive at the End of the World,First,3,
Maurice,Moss,CSStudent,2022-09-07,23:52:02,air,The Paradox Hotel,First,2,The Paris Apartment,1st,1,Poirot Investigates,First,1,
Sharon,Eaton,Pacific,2023-03-20,04:53:35,air,The Water Knife,First,1,The Woman in Cabin 10,1st,1,The Librarianist,First,2,
Giacomo,Cantrell,Employee,2022-12-17,02:31:12,drone,Emergent Properties,First,1,Encyclopedia Brown and the Case of the Carnival Crime,First,1,Aurora,First,1,
Emerald,Wilkerson,CSStudent,2023-02-07,13:38:57,ground,The Sentence Is Death,First,2,The Seven Moons of Maali Almeida,1st,1,The Sentence,First,1,
Ocean,Wilcox,  ,2023-01-03,09:53:34,drone,How to Read Now,Pacific U Special Print,1,How to Stay Smart in a Smart World,Penguin Classics,2,Cyanide with Christie,Penguin Classics,1,
Reese,Coleman,  ,2023-03-17,08:32:14,ground,Flowers for Algernon,1st,1,Four Lost Cities,First,1,CUCKOO'S EGG,1st,2,
Oscar,Cox,CSStudent,2024-02-17,12:27:33,usps,Holidays on Ice,Penguin Classics,3,Holly,Penguin Classics,2,Filthy Animals,Penguin Classics,1,
Angelica,Conner,Pacific,2022-09-14,14:09:14,drone,The Sentence,First,3,The Sentence Is Death,First,2,The Last Equation of Isaac Severy,First,1,
Riley,Wells,  ,2023-10-26,22:11:33,usps,Many Things Under a Rock,First,2,Marple,1st,1,Breathe,First,2,
Yetta,Pratt,CSStudent,2023-11-12,10:53:41,drone,All Systems Red,ten year anniversary,2,American Hippo,Second edition,2,How to Stay Smart in a Smart World,Penguin Classics,2,
Sydnee,Casey,Pacific,2024-03-04,10:27:41,drone,Just Like Home,Penguin Classics,2,Klara and the Sun,Penguin Classics,1,Encyclopedia Brown Boy Detective,Penguin Classics,1,
Levi,Garcia,  ,2023-10-01,23:02:03,pigeon,A Line to Kill,Pacific U Special Print,3,A Lonely Man,Penguin Classics,2,The Last Equation of Isaac Severy,First,1,
Oscar,Cox,  ,2023-01-28,06:07:51,drone,Cadillac Desert,Pacific U Special Print,1,Children of Time,Penguin Classics,1,All Our Yesterdays,Pacific U Special Print,1,
Riley,Wells,CSStudent,2022-09-09,12:42:37,drone,Demon Copperhead,Second edition,3,Many Things Under a Rock,Penguin Classics,2,
Tatiana,Joseph,  ,2022-01-14,18:05:22,drone,The Turn of the Screw,ten year anniversary,3,The Unreal and the Real: Selected Stories Volume 2,ten year anniversary,2,In the Lives of Puppets,Pacific U Special Print,2,
Timothy,Hatfield,  ,2023-04-05,15:02:21,drone,American Hippo,Pacific U Special Print,1,Ancillary Justice,Pacific U Special Print,2,The Rediscovery of America,1st,2,
Joseph,Jimenez,Pacific,2024-03-04,22:31:22,air,Just Like Home,Penguin Classics,3,Klara and the Sun,Penguin Classics,1,Exit Strategy,Penguin Classics,1,
Yetta,Pratt,  ,2022-12-12,09:35:44,air,Encyclopedia Brown Boy Detective,Penguin Classics,2,Everyone in My Family Has Killed Someone,Penguin Classics,2,Too Like the Lightning,First,2,
Sharon,Eaton,  ,2023-01-28,19:14:17,ground,Creatures of Passage,Pacific U Special Print,3,CUCKOO'S EGG,Pacific U Special Print,2,Upright Women Wanted,1st,2,
Grace,Edwards,Employee,2023-08-21,12:07:22,usps,Everyone in My Family Has Killed Someone,1st,1,Everyone on This Train Is a Suspect,First,2,56 Days,1st,2,
Giacomo,Cantrell,Overstock,2022-02-06,02:27:18,ground,Magic for Liars,Penguin Classics,2,Many Things Under a Rock,Penguin Classics,1,Holidays on Ice,Penguin Classics,1,
Odette,Espinoza,Employee,2022-11-15,20:00:55,air,The Singer's Gun,First,1,The Space Between Worlds,First,1,The Postscript Murders,First,2,
Angelica,Conner,Overstock,2023-08-16,18:59:33,pigeon,My Murder,First,1,Nasty Brutish and Short,First,1,How to Stay Smart in a Smart World,First,2,
Griffith,Alston,  ,2023-12-14,00:15:52,drone,A Lonely Man,Penguin Classics,3,A Prayer for the Crown-Shy,Pacific U Special Print,1,The Ministry for the Future,First,1,
Ella,Guerrero,Instructor,2023-05-16,22:54:20,usps,The Obelisk Gate,First,2,The Paradox Hotel,First,1,The Doubt Factory,First,1,
Aline,Maddox,Overstock,2024-01-22,08:56:19,drone,A House Between Earth and the Moon,ten year anniversary,3,A Line to Kill,Second edition,2,A Gentle Murderer,ten year anniversary,1,
Blythe,Joyner,CSStudent,2023-11-21,23:35:42,air,Exhalation,Penguin Classics,2,Exit Strategy,Penguin Classics,2,Eats Shoots & Leaves,Pacific U Special Print,1,
Aline,Maddox,Overstock,2022-10-11,01:55:57,usps,Everyone on This Train Is a Suspect,First,1,Everything You Know about Indians Is Wrong,1st,1,Encyclopedia Brown Solves Them All,First,1,
Emerald,Wilkerson,  ,2022-10-14,06:41:09,usps,A Psalm for the Wild-Built,ten year anniversary,2,A Short History of Nearly Everything,Second edition,1,A Prayer for the Crown-Shy,ten year anniversary,1,
Palmer,Albert,  ,2024-01-13,04:27:42,air,The Killings at Kingfisher Hill,1st,2,The Last Equation of Isaac Severy,First,2,The Fifth Season,First,1,
Cadman,Ryan,Pacific,2022-03-26,18:40:21,pigeon,The Best of Me,First,3,The Book of Lost and Found,First,2,Many Things Under a Rock,First,2,
Ella,Guerrero,Instructor,2023-03-16,15:15:07,usps,Too Loud a Solitude,First,2,Travel Light,First,2,The Paradox Hotel,First,2,
Reese,Coleman,CSStudent,2023-10-11,14:40:08,usps,A Short History of Nearly Everything,Second edition,3,A Test of Wills,Second edition,2,The Word Is Murder,Second edition,2,
Barclay,Barry,Overstock,2023-07-29,01:49:04,pigeon,The Turn of the Key,1st,2,The Turn of the Screw,First,1,The Dark Forest,First,1,
Ursula,Stewart,Bundled,2022-04-03,23:18:05,usps,Sea of Tranquility,1st,3,Semicolon,First,1,Ready Player One,First,1,
Chantale,Lopez,  ,2023-12-17,00:50:58,usps,Encyclopedia Brown and the Case of the Dead Eagles,1st,3,Encyclopedia Brown and the Case of the Mysterious Handprints,First,1,A Dangerous Business,First,1,
Ocean,Wilcox,Employee,2023-05-29,03:36:24,usps,The Nineties,1st,2,The Novelist,First,1,The Chuckling Fingers,1st,1,
Logan,Lynn,Overstock,2022-12-03,06:57:20,air,State Tectonics,1st,2,Station Eleven,First,1,Exit Strategy,First,2,
Ocean,Wilcox,Instructor,2022-09-25,14:57:10,drone,Closed Casket,ten year anniversary,1,Cloud Cuckoo Land,ten year anniversary,1,Too Loud a Solitude,Second edition,1,
Martin,Mccarthy,Pacific,2023-05-14,05:10:20,air,Semicolon,First,1,Shady Characters,First,1,Origin,First,1,
Aline,Maddox,Overstock,2022-11-23,17:22:16,ground,The Martian,First,2,The Measure,First,1,The Listening House,First,1,
Quintessa,Frederick,Employee,2022-03-26,00:58:46,ground,Ancillary Justice,ten year anniversary,3,Artificial Condition,ten year anniversary,2,All Our Wrong Todays,Second edition,2,
Fiona,Lott,Instructor,2022-10-29,04:06:14,pigeon,Aurora,Second edition,2,Automating Inequality,ten year anniversary,1,In a Dark Dark Wood,Penguin Classics,2,
Emi,Kim,  ,2023-09-20,08:23:41,air,From a Certain Point of View,Pacific U Special Print,3,Fugitive Telemetry,Pacific U Special Print,1,Children of Time,Penguin Classics,2,
Sydnee,Casey,CSStudent,2023-10-26,11:13:40,pigeon,Artificial Condition,First,2,Astounding,First,1,A Psalm for the Wild-Built,First,2,
Aurelia,Hickman,  ,2022-05-02,11:43:53,air,Invisible Planets,First,1,Is This Anything?,First,1,Doomsday Book,First,1,
Grace,Edwards,Pacific,2023-12-16,14:49:16,ground,Aurora,First,2,Automating Inequality,1st,1,Closed Casket,First,1,
Fay,Mckee,  ,2022-11-19,22:26:10,pigeon,The Five Red Herrings,1st,3,The Frugal Wizard's Handbook for Surviving Medieval England,First,1,Tales From the Loop,First,2,
Barclay,Barry,  ,2023-09-21,08:42:41,ground,A Half-Built Garden,1st,2,A Haunting on the Hill,First,2,
Blythe,Joyner,  ,2022-09-26,01:22:56,drone,All Our Yesterdays,First,3,All Systems Red,First,1,
Cadman,Ryan,Instructor,2022-06-17,18:45:44,ground,Encyclopedia Brown and the Case of the Dead Eagles,Pacific U Special Print,2,Encyclopedia Brown and the Case of the Mysterious Handprints,Penguin Classics,1,
Sean,Pugh,  ,2023-02-18,06:52:55,pigeon,Moo,Pacific U Special Print,1,Moonflower Murders,Pacific U Special Print,1,
Regan,Greene,CSStudent,2023-08-21,09:08:53,usps,The Trickster's Hat,First,3,The Truth and Other Stories,First,1,
Emerald,Wilkerson,Pacific,2022-07-20,02:33:54,air,Nasty Brutish and Short,First,3,Network Effect,First,1,
Thane,Ellison,  ,2023-01-20,15:59:27,usps,Cloud Cuckoo Land,Pacific U Special Print,1,Clouds of Witness,Pacific U Special Print,1,
Melanie,Foreman,Instructor,2022-06-05,19:19:23,drone,The Future,First,3,The Future of Another Timeline,First,2,
Martin,Mccarthy,  ,2023-06-21,11:27:01,usps,A Test of Wills,Penguin Classics,1,A Town Called Solace,Pacific U Special Print,2,
Audra,Smith,CSStudent,2023-09-15,18:56:05,pigeon,A Line to Kill,First,2,A Lonely Man,1st,1,
Ursula,Stewart,  ,2023-09-16,13:34:13,drone,How to Read Now,First,3,How to Stay Smart in a Smart World,First,1,
Carla,Casey,Employee,2022-12-13,17:58:02,pigeon,Encyclopedia Brown Gets His Man,Pacific U Special Print,1,Encyclopedia Brown Keeps the Peace,Penguin Classics,1,
Sacha,Conway,  ,2023-05-05,09:07:26,drone,Astounding,First,1,Aurora,First,1,
Fay,Mckee,Pacific,2023-12-16,05:04:35,ground,Encyclopedia Brown Boy Detective,First,1,Everyone in My Family Has Killed Someone,1st,1,
Timothy,Hatfield,  ,2022-07-12,01:09:56,pigeon,Cyanide with Christie,Penguin Classics,2,Dawn,Penguin Classics,1,
Alea,Page,CSStudent,2023-08-23,03:11:33,pigeon,Exit Strategy,Penguin Classics,1,Filthy Animals,Penguin Classics,2,
Mary,Palmer,Overstock,2022-06-09,00:26:44,pigeon,From a Certain Point of View,First,2,Fugitive Telemetry,1st,2,
Lamar,Mcleod,Employee,2023-05-28,19:28:14,air,Evil Under the Sun,Penguin Classics,1,Exhalation,Penguin Classics,2,
Ocean,Wilcox,  ,2022-03-02,17:17:08,ground,Disappearing Earth,First,1,Doomsday Book,First,2,
Maurice,Moss,Pacific,2022-02-04,10:57:15,air,Portrait of a Thief,First,1,Rainbows End,First,2,
Reese,Coleman,Instructor,2023-06-21,04:50:17,pigeon,Artificial Condition,ten year anniversary,3,Astounding,ten year anniversary,1,
Aurora,Carrillo,  ,2023-10-31,16:02:51,usps,A Duty to the Dead,ten year anniversary,1,A Gentle Murderer,ten year anniversary,2,
Maurice,Moss,Employee,2022-06-17,03:39:46,ground,Four Lost Cities,First,3,From a Certain Point of View,First,2,
Lamar,Mcleod,Overstock,2023-12-23,05:51:20,drone,A Lonely Man,1st,3,A Prayer for the Crown-Shy,First,1,
Yetta,Pratt,CSStudent,2023-05-10,14:53:08,drone,Gold Fame Citrus,Penguin Classics,2,Happy-Go-Lucky,Penguin Classics,1,
Griffith,Alston,Employee,2024-03-03,01:57:31,ground,A Town Called Solace,First,3,Agency,First,2,
Molly,Padilla,Pacific,2024-01-26,21:48:40,drone,The Three-Body Problem,First,3,The Thursday Murder Club,First,1,
Angelica,Conner,Pacific,2022-04-12,05:41:08,pigeon,56 Days,Pacific U Special Print,1,A Dangerous Business,Penguin Classics,2,
Palmer,Albert,Bundled,2023-01-11,12:13:13,ground,The Death of Mrs. Westaway,1st,2,The Death of the Necromancer,First,1,
Lisandra,Reyes,Overstock,2023-11-17,02:53:10,pigeon,Red Mars,First,2,Red Paint,First,2,
Indigo,Sanchez,Pacific,2023-09-13,00:15:01,air,Whose Body?,Second edition,3,Wintering,Second edition,1,
Kylynn,Bender,Pacific,2023-02-08,07:35:35,pigeon,Fire Watch,First,3,Five Tuesdays in Winter,First,1,
Emerald,Wilkerson,Bundled,2022-07-30,03:58:46,ground,This Time Tomorrow,1st,2,
Timothy,Hatfield,  ,2023-09-09,14:03:36,drone,The Hunting Party,1st,1,
Michael,Atkinson,Bundled,2024-03-22,06:43:14,usps,The Woman in Cabin 10,Second edition,3,
Maurice,Moss,Bundled,2022-03-27,09:03:32,usps,Artificial Condition,First,3,
Levi,Garcia,Bundled,2023-10-30,15:45:01,pigeon,Where We Go When All We Were Is Gone,Second edition,3,
Yvette,Hickman,  ,2022-06-21,04:45:32,air,Sign Here,First,3,
Yetta,Pratt,Instructor,2022-12-16,11:31:19,usps,The Chocolate Touch,1st,2,
Grace,Edwards,Instructor,2022-09-02,17:14:22,ground,Eats Shoots & Leaves,First,3,
Alvin,Greene,Employee,2022-06-09,14:49:17,drone,Tales From the Loop,First,3,
Giacomo,Cantrell,  ,2024-02-03,18:29:11,ground,The Woman in Cabin 10,1st,2,
Fiona,Lott,Employee,2023-11-29,19:40:33,ground,Chokepoint Capitalism,Penguin Classics,2,
Ursula,Stewart,  ,2023-06-18,12:46:24,drone,Gold Fame Citrus,Penguin Classics,2,
Sierra,Hughes,Bundled,2023-05-21,21:44:49,drone,From a Certain Point of View,Pacific U Special Print,3,
Indigo,Sanchez,CSStudent,2022-12-09,01:31:04,air,Zero Days,First,3,
Flavia,Young,  ,2022-12-31,02:22:33,air,Four Lost Cities,Pacific U Special Print,1,
Wyatt,Figueroa,Pacific,2024-02-16,22:18:06,pigeon,I Have Some Questions for You,First,2,
Tyrone,Wong,Overstock,2022-10-19,09:37:20,air,Astounding,Pacific U Special Print,3,
Sydnee,Casey,Overstock,2022-06-05,10:05:39,air,Happy-Go-Lucky,Penguin Classics,1,
Riley,Wells,Instructor,2023-09-03,16:42:06,ground,We Have Always Lived in the Castle,First,3,
Pearl,Mclean,  ,2023-01-20,17:11:13,drone,The Best of Connie Willis,1st,2,
Alea,Page,CSStudent,2022-03-25,03:39:04,usps,Magic for Liars,First,1,
Palmer,Albert,Instructor,2022-11-18,01:58:16,air,Dawn,First,2,
Martin,Mccarthy,Bundled,2022-02-20,20:03:42,usps,Klara and the Sun,First,1,
Ella,Guerrero,  ,2023-11-18,05:53:00,pigeon,Flowers for Algernon,1st,2,
Wyatt,Figueroa,Overstock,2022-09-20,03:16:45,ground,All Systems Red,First,3,
Rooney,Wilkins,Pacific,2022-09-13,11:49:21,usps,Exhalation,First,1,
Dorothy,Riddle,Bundled,2023-08-21,00:27:02,ground,Creatures of Passage,First,3,
Burton,Gardner,Employee,2023-04-09,03:11:04,pigeon,A Dangerous Business,Second edition,1,
Emi,Kim,  ,2023-03-04,23:14:41,air,How to Stay Smart in a Smart World,First,3,
Melanie,Foreman,Pacific,2022-08-19,17:15:19,air,Woodcutters,ten year anniversary,2,
Cadman,Ryan,Instructor,2023-04-06,19:07:23,pigeon,Creatures of Passage,Pacific U Special Print,2,
Levi,Garcia,  ,2023-01-01,20:07:07,usps,Rogue Protocol,First,3,
Sonia,Burnett,Employee,2023-03-04,16:43:49,usps,Burnt Offerings,First,1,
Palmer,Albert,Instructor,2024-02-18,05:13:23,usps,Invisible Planets,First,2,
Audra,Smith,Pacific,2022-12-08,18:03:49,drone,The Best of Connie Willis,1st,1,
Carissa,Ford,Instructor,2022-06-13,05:57:18,pigeon,A Line to Kill,First,1,
Lamar,Mcleod,  ,2022-03-30,14:17:33,pigeon,Encyclopedia Brown and the Case of the Mysterious Handprints,First,1,Encyclopedia Brown and the Case of the Secret Pitch,First,1,A Prayer for the Crown-Shy,First,1,Demon Copperhead,1st,2,Eats Shoots & Leaves,First,1,Disappearing Earth,First,3,Draft No. 4,1st,1,
Aurelia,Hickman,CSStudent,2022-10-06,01:30:38,drone,The Midnight Library,First,2,The Ministry for the Future,First,2,Tales From the Loop,First,2,Emergent Properties,First,1,Hercule Poirot's Silent Night,First,1,Encyclopedia Brown and the Case of the Carnival Crime,First,3,Encyclopedia Brown and the Case of the Mysterious Handprints,First,2,
Levi,Garcia,  ,2023-06-20,05:06:37,air,A House Between Earth and the Moon,First,2,A Line to Kill,First,2,Finnegans Wake,First,2,Hercule Poirot's Silent Night,First,3,Evil Under the Sun,First,1,Home,First,3,
Grace,Edwards,Pacific,2022-07-13,23:24:58,drone,Zero Days,First,2,56 Days,Pacific U Special Print,2,The Martian,First,1,Evil Under the Sun,First,2,Doomsday Book,First,2,Exhalation,First,3,Four Lost Cities,First,2,
Sharon,Eaton,Instructor,2022-01-07,14:59:21,usps,Too Like the Lightning,First,1,Too Loud a Solitude,First,1,The Missing README,First,2,Doomsday Book,First,1,
Chantale,Lopez,Instructor,2024-02-29,11:09:12,ground,Rogue Protocol,First,2,Sea of Tranquility,1st,2,Home,First,2,Encyclopedia Brown Gets His Man,First,2,
Zane,Horn,Employee,2023-01-27,11:05:20,air,Shady Characters,First,2,Sign Here,First,2,Null States,First,2,All Systems Red,First,1,Encyclopedia Brown and the Case of the Secret Pitch,First,2,American Hippo,First,2,
Cadman,Ryan,Bundled,2023-03-25,04:15:03,usps,Where We Go When All We Were Is Gone,Second edition,1,Whose Body?,Second edition,2,Hercule Poirot's Silent Night,Pacific U Special Print,2,Encyclopedia Brown and the Case of the Secret Pitch,First,3,
Blythe,Joyner,CSStudent,2023-11-19,15:08:32,ground,The Splinter in the Sky,First,1,The Stone Sky,1st,1,The Nineties,1st,1,Alive at the End of the World,First,2,
Audra,Smith,CSStudent,2022-01-11,18:51:08,usps,The Chuckling Fingers,1st,2,The Circular Staircase,First,2,My Murder,First,1,Eats Shoots & Leaves,First,3,How Long 'til Black Future Month?,1st,1,Encyclopedia Brown and the Case of the Carnival Crime,First,3,
Katell,Ballard,  ,2022-03-19,03:13:10,usps,A Prayer for the Crown-Shy,First,3,A Psalm for the Wild-Built,First,2,Flowers for Algernon,1st,1,How to Read Now,First,3,Encyclopedia Brown Solves Them All,First,2,I Have Some Questions for You,First,3,
Emily,Merrill,  ,2023-02-18,13:24:33,pigeon,The Haunting of Hill House,First,1,The Hunting Party,1st,2,Origin,First,1,Encyclopedia Brown Boy Detective,First,1,Cadillac Desert,1st,2,
Indigo,Sanchez,Bundled,2023-10-23,14:07:15,air,A Dangerous Business,Penguin Classics,3,A Duty to the Dead,Pacific U Special Print,1,The Three-Body Problem,First,2,
Chantale,Lopez,Overstock,2023-09-16,05:09:49,ground,How to Stay Smart in a Smart World,First,3,I Have Some Questions for You,First,2,Cadillac Desert,1st,1,
Tyrone,Wong,Bundled,2023-09-11,23:50:30,usps,Encyclopedia Brown and the Case of the Mysterious Handprints,Penguin Classics,1,Encyclopedia Brown and the Case of the Secret Pitch,Pacific U Special Print,1,Diaspora,Pacific U Special Print,1,
Levi,Garcia,Pacific,2023-10-22,05:59:23,ground,Whose Body?,Second edition,1,Wintering,Second edition,2,Encyclopedia Brown Finds the Clues,Pacific U Special Print,1,
Logan,Lynn,Bundled,2023-08-29,20:02:41,air,Hercule Poirot's Silent Night,First,3,Holidays on Ice,1st,2,56 Days,1st,1,
Aurora,Carrillo,Overstock,2022-06-21,23:04:56,pigeon,A House Between Earth and the Moon,ten year anniversary,1,A Line to Kill,Second edition,2,The Word Is Murder,Second edition,1,
Quail,Crawford,Instructor,2023-11-30,16:51:34,ground,The Woman in Cabin 10,1st,1,The Word Is Murder,First,1,The Stone Sky,1st,2,
Emmanuel,Pace,Employee,2022-08-14,00:19:12,usps,A Dangerous Business,Second edition,1,A Duty to the Dead,ten year anniversary,1,Zero Days,ten year anniversary,2,
Audra,Smith,Pacific,2024-02-10,06:54:53,ground,Hercule Poirot's Silent Night,Pacific U Special Print,1,Holidays on Ice,Penguin Classics,2,Cadillac Desert,Pacific U Special Print,1,
Levi,Garcia,Overstock,2023-07-20,00:04:46,drone,Encyclopedia Brown Keeps the Peace,First,2,Encyclopedia Brown Solves Them All,First,1,All Our Wrong Todays,1st,2,
Tyrone,Wong,  ,2022-03-05,02:48:52,drone,Red Paint,First,3,Remarkably Bright Creatures,First,1,Origin,First,2,
Emi,Kim,  ,2022-10-12,17:43:34,usps,All Systems Red,First,3,American Hippo,First,2,All Our Yesterdays,First,1,
Kylynn,Bender,  ,2023-04-04,04:43:36,air,A Prayer for the Crown-Shy,First,2,A Psalm for the Wild-Built,First,1,Autonomous,First,2,
Regan,Greene,  ,2022-10-01,02:56:10,air,American Hippo,Pacific U Special Print,3,Ancillary Justice,Pacific U Special Print,1,The Thursday Murder Club,First,2,
Emi,Kim,Bundled,2022-09-29,15:49:23,pigeon,The Word Is Murder,First,2,The Worm Ouroboros,First,1,The Memory Librarian,1st,1,
Logan,Lynn,Instructor,2023-04-21,09:53:01,air,Encyclopedia Brown Solves Them All,First,3,Encyclopedia Brown Boy Detective,First,1,All Systems Red,First,1,
Oscar,Cox,  ,2022-11-02,03:41:22,ground,Evil Under the Sun,Penguin Classics,2,Exhalation,Penguin Classics,2,Encyclopedia Brown and the Case of the Dead Eagles,Pacific U Special Print,1,
Palmer,Albert,  ,2024-01-19,23:55:33,usps,Flowers for Algernon,1st,3,Four Lost Cities,First,1,Encyclopedia Brown Gets His Man,First,1,
Michael,Atkinson,  ,2024-01-13,06:28:23,air,Red Mars,First,3,Red Paint,First,1,Null States,First,1,
Ocean,Wilcox,  ,2023-11-23,07:52:33,usps,Five Tuesdays in Winter,First,1,Flowers for Algernon,1st,2,Aurora,First,1,
Shana,Hess,Bundled,2023-08-09,17:29:51,drone,A Half-Built Garden,Second edition,2,A Haunting on the Hill,Second edition,1,How Long 'til Black Future Month?,Pacific U Special Print,1,
Wyatt,Figueroa,  ,2022-10-07,01:18:09,drone,Astounding,Pacific U Special Print,1,Aurora,Pacific U Special Print,1,A Town Called Solace,Pacific U Special Print,2,
Aurora,Carrillo,Bundled,2023-07-30,11:58:12,air,System Collapse,First,2,System Error,1st,2,On Earth We're Briefly Gorgeous,1st,1,
Tyrone,Wong,Employee,2022-02-18,15:37:44,ground,Klara and the Sun,Penguin Classics,3,Last Night in Montreal,Penguin Classics,2,I Love You but I've Chosen Darkness,Penguin Classics,1,
Thane,Ellison,  ,2022-10-26,20:38:26,drone,Moonflower Murders,Pacific U Special Print,2,The Turn of the Screw,ten year anniversary,1,Cadillac Desert,Pacific U Special Print,1,
Sacha,Conway,Instructor,2022-04-06,06:13:01,usps,Semicolon,First,3,Shady Characters,First,2,If Then,First,2,
Alea,Page,Overstock,2022-04-26,20:05:15,drone,The Word Is Murder,First,1,The Worm Ouroboros,First,2,The Haunting of Hill House,First,2,
Whitney,Jacobson,Bundled,2023-05-19,07:09:16,ground,How to Stay Smart in a Smart World,Penguin Classics,1,I Have Some Questions for You,Pacific U Special Print,2,Everyone on This Train Is a Suspect,Pacific U Special Print,2,
Aurelia,Hickman,  ,2023-06-03,23:48:00,air,Klara and the Sun,Penguin Classics,1,Last Night in Montreal,Penguin Classics,1,Emergent Properties,Pacific U Special Print,1,
Indigo,Sanchez,  ,2023-10-17,03:48:20,air,Encyclopedia Brown Solves Them All,First,2,Encyclopedia Brown Boy Detective,First,2,Automating Inequality,1st,1,
Tyrone,Wong,CSStudent,2023-11-19,06:46:01,pigeon,I Love You but I've Chosen Darkness,Penguin Classics,1,If Then,Penguin Classics,2,Holidays on Ice,Penguin Classics,1,
Kylynn,Bender,  ,2022-12-01,16:10:52,usps,In a Dark Dark Wood,First,2,In the Lives of Puppets,First,2,Encyclopedia Brown and the Case of the Carnival Crime,First,2,
Edan,Curtis,Employee,2022-04-18,22:24:09,ground,Encyclopedia Brown Finds the Clues,1st,1,Encyclopedia Brown Gets His Man,First,1,A Dangerous Business,First,1,
Regan,Greene,Overstock,2024-01-29,14:10:36,usps,Too Loud a Solitude,Second edition,1,Travel Light,ten year anniversary,1,Gold Fame Citrus,Penguin Classics,1,
Fiona,Lott,  ,2023-02-09,03:26:12,ground,A Psalm for the Wild-Built,Penguin Classics,2,A Short History of Nearly Everything,Penguin Classics,1,The Memory Police,First,2,
Odette,Espinoza,  ,2024-02-08,10:00:08,usps,A House Between Earth and the Moon,First,2,A Line to Kill,First,1,56 Days,1st,1,
Carla,Casey,  ,2023-11-15,21:00:42,usps,A Psalm for the Wild-Built,Penguin Classics,2,A Short History of Nearly Everything,Penguin Classics,1,The Lying Game,First,2,
Blythe,Joyner,  ,2023-08-17,02:36:02,drone,Travel Light,ten year anniversary,3,Upright Women Wanted,ten year anniversary,1,Moonflower Murders,Pacific U Special Print,1,
Dorothy,Riddle,CSStudent,2022-02-01,22:33:20,air,Exit Strategy,First,1,Filthy Animals,1st,1,Autonomous,First,1,
Emily,Merrill,  ,2023-11-02,07:17:13,usps,A Lonely Man,Second edition,1,A Prayer for the Crown-Shy,ten year anniversary,2,I Have Some Questions for You,Pacific U Special Print,1,
Timothy,Hatfield,CSStudent,2022-03-03,02:46:41,usps,Four Lost Cities,First,2,From a Certain Point of View,First,1,A Line to Kill,First,1,
Lee,Beach,Pacific,2022-12-06,03:49:05,pigeon,The Martian,First,3,The Measure,First,2,The Bookwanderers,First,1,
Tyrone,Wong,Instructor,2024-02-24,09:19:17,ground,A House Between Earth and the Moon,First,1,A Line to Kill,First,1,56 Days,1st,1,
Ursula,Stewart,  ,2024-02-29,20:53:33,air,Encyclopedia Brown and the Case of the Dead Eagles,1st,2,Encyclopedia Brown and the Case of the Mysterious Handprints,First,1,Diaspora,First,2,
Lamar,Mcleod,  ,2023-11-28,16:22:23,pigeon,Tomorrow and Tomorrow and Tomorrow,Second edition,1,Too Like the Lightning,Second edition,2,Home,Penguin Classics,1,
Grace,Edwards,Overstock,2022-06-14,10:31:42,usps,Red Mars,First,2,Red Paint,First,2,Fire Watch,First,2,
Ocean,Wilcox,CSStudent,2023-03-13,02:23:31,ground,Encyclopedia Brown Boy Detective,Penguin Classics,1,Everyone in My Family Has Killed Someone,Penguin Classics,1,A Town Called Solace,Pacific U Special Print,1,
Emi,Kim,CSStudent,2024-01-31,20:27:31,ground,Dawn,First,2,Demon Copperhead,1st,1,56 Days,1st,2,
Grace,Edwards,Pacific,2024-01-18,02:17:04,drone,In the Lives of Puppets,Pacific U Special Print,3,Infomocracy,Penguin Classics,2,
Sonia,Burnett,Employee,2023-10-05,07:37:59,air,The Trickster's Hat,First,1,The Truth and Other Stories,First,1,
Angelica,Conner,  ,2023-07-22,11:55:04,pigeon,A Line to Kill,Second edition,2,A Lonely Man,Second edition,1,
Melanie,Foreman,Pacific,2023-09-22,14:01:21,pigeon,The Unreal and the Real: Selected Stories Volume 2,First,2,The Water Knife,First,1,
Audra,Smith,Overstock,2023-03-10,07:26:44,ground,Agency,First,1,Alive at the End of the World,First,1,
Zane,Horn,Bundled,2023-12-13,21:49:09,air,Emergent Properties,First,2,Encyclopedia Brown and the Case of the Carnival Crime,First,1,
Katell,Ballard,Bundled,2024-01-29,09:10:04,drone,The Idol House of Astarte,First,3,The Invitation,First,1,
Lee,Beach,  ,2022-10-12,23:47:13,ground,Aurora,First,1,Automating Inequality,1st,2,
Levi,Garcia,  ,2023-10-12,05:15:13,ground,Breathe,First,1,Burnt Offerings,First,1,
Kylynn,Bender,  ,2022-08-24,23:31:54,drone,Autonomous,First,1,Breathe,First,2,
Garrett,Wright,Employee,2023-11-10,01:12:23,ground,Magic for Liars,Penguin Classics,3,Many Things Under a Rock,Penguin Classics,2,
Quail,Crawford,  ,2022-08-19,08:20:29,pigeon,The Woman in Cabin 10,1st,3,The Word Is Murder,First,2,
Zane,Horn,Instructor,2023-11-06,18:21:37,air,Klara and the Sun,First,1,Last Night in Montreal,First,1,
Fiona,Lott,CSStudent,2023-06-11,02:24:02,usps,Agency,First,1,Alive at the End of the World,First,1,
Chantale,Lopez,  ,2023-04-30,10:37:36,air,The Nineties,1st,3,The Novelist,First,1,
Edan,Curtis,  ,2022-01-23,03:39:18,ground,Men Explain Things to Me,Pacific U Special Print,3,Mickey7,Penguin Classics,1,
Logan,Lynn,CSStudent,2022-04-12,23:05:55,ground,Creatures of Passage,First,2,CUCKOO'S EGG,1st,2,
Yetta,Pratt,Instructor,2022-07-01,12:20:30,ground,Many Things Under a Rock,Penguin Classics,3,Marple,Pacific U Special Print,2,
Giacomo,Cantrell,  ,2022-05-21,16:13:30,drone,A Town Called Solace,Second edition,1,Agency,ten year anniversary,2,
Aurelia,Hickman,Employee,2022-03-24,06:25:24,pigeon,The Paris Apartment,1st,3,The Peripheral,First,1,
Katell,Ballard,Pacific,2022-07-27,20:58:43,drone,A Duty to the Dead,Pacific U Special Print,2,A Gentle Murderer,Pacific U Special Print,1,
Zane,Horn,CSStudent,2022-12-29,16:58:25,air,Rocannon's World / Planet of Exile / City of Illusions,1st,2,Rogue Protocol,First,2,
Timothy,Hatfield,Instructor,2022-05-31,00:59:32,air,Encyclopedia Brown Boy Detective,Penguin Classics,1,Everyone in My Family Has Killed Someone,Penguin Classics,2,
Garrett,Wright,  ,2023-04-16,18:11:27,air,A Town Called Solace,First,1,Agency,First,2,
Sierra,Hughes,Overstock,2023-10-18,00:50:28,pigeon,A Prayer for the Crown-Shy,ten year anniversary,1,A Psalm for the Wild-Built,ten year anniversary,1,
Palmer,Albert,Overstock,2022-08-31,20:19:35,air,The Ministry for the Future,First,3,The Missing README,First,1,
Wyatt,Figueroa,  ,2023-09-24,01:29:49,ground,Encyclopedia Brown and the Case of the Mysterious Handprints,First,1,Encyclopedia Brown and the Case of the Secret Pitch,First,2,
Audra,Smith,  ,2022-11-19,03:06:28,ground,The Glass Hotel,1st,1,The Gospel According to Jesus Christ,First,2,
Garrett,Wright,  ,2022-01-17,04:54:58,usps,A Dangerous Business,First,3,A Duty to the Dead,First,1,
Ursula,Stewart,Bundled,2024-01-01,06:18:52,ground,Artificial Condition,ten year anniversary,2,Astounding,ten year anniversary,1,
Timothy,Hatfield,  ,2024-02-22,01:43:38,drone,Finnegans Wake,First,3,Fire Watch,First,1,
Wyatt,Figueroa,Employee,2022-01-12,02:17:31,drone,Light From Uncommon Stars,1st,3,Light Years from Home,First,1,
Palmer,Albert,Overstock,2022-08-14,15:27:53,drone,Artificial Condition,First,1,
Grace,Edwards,  ,2023-12-13,05:15:24,usps,The Surviving Sky,First,1,
Timothy,Hatfield,CSStudent,2023-06-17,10:04:56,ground,The Librarianist,First,1,
Katell,Ballard,  ,2022-04-07,06:09:14,usps,The Singer's Gun,First,2,
Nathaniel,Cardenas,  ,2023-01-08,03:20:41,drone,The Deep Sky,First,3,
Aurora,Carrillo,CSStudent,2023-08-13,21:22:15,ground,The Nineties,1st,2,
Oscar,Cox,  ,2022-12-17,23:00:49,air,Everyone in My Family Has Killed Someone,1st,2,
Indigo,Sanchez,Employee,2022-08-05,05:59:28,usps,All Our Wrong Todays,1st,2,
Zane,Horn,  ,2023-03-25,13:00:19,usps,The Three-Body Problem,First,1,
Palmer,Albert,  ,2023-10-13,02:33:03,pigeon,I Have Some Questions for You,First,1,
Sean,Pugh,  ,2022-06-02,15:34:32,pigeon,Men Explain Things to Me,Pacific U Special Print,2,
Ursula,Stewart,Bundled,2023-01-29,17:33:46,air,A Town Called Solace,Pacific U Special Print,2,
Riley,Wells,Instructor,2023-03-18,23:30:11,usps,Magic for Liars,First,3,
Regan,Greene,  ,2022-06-05,15:04:04,usps,The Doubt Factory,First,1,
Michael,Atkinson,  ,2022-09-01,09:53:32,drone,Light From Uncommon Stars,1st,2,
Flavia,Young,Overstock,2023-11-23,16:59:39,drone,Parable of the Sower,1st,2,
Martin,Mccarthy,Pacific,2023-09-05,20:28:47,usps,The Doubt Factory,First,3,
Fiona,Lott,Employee,2023-05-09,06:59:48,drone,Demon Copperhead,Pacific U Special Print,3,
Alvin,Greene,Overstock,2023-05-16,02:21:13,ground,The Nineties,1st,1,
Logan,Lynn,CSStudent,2022-12-30,23:00:09,pigeon,A Dangerous Business,First,3,
Sacha,Conway,Instructor,2022-05-11,10:41:22,ground,Zero Days,First,2,
Ella,Guerrero,Employee,2023-09-19,23:28:40,ground,The Doubt Factory,First,3,
Quintessa,Frederick,Pacific,2022-01-29,12:38:02,usps,To Be Taught If Fortunate,Second edition,1,
Carla,Casey,  ,2022-10-31,00:32:35,usps,Everyone on This Train Is a Suspect,Pacific U Special Print,3,
Ocean,Wilcox,Instructor,2022-11-04,15:09:58,ground,The Farm,First,1,
Fiona,Lott,CSStudent,2024-01-08,06:46:13,pigeon,State Tectonics,1st,1,
Lisandra,Reyes,Employee,2023-09-20,16:41:05,pigeon,Exhalation,First,2,
Melanie,Foreman,CSStudent,2022-07-17,21:04:26,ground,Mickey7,First,3,
Indigo,Sanchez,Bundled,2024-01-22,20:08:52,drone,The Lola Quartet,1st,2,
Garrett,Wright,  ,2023-06-04,00:52:52,air,Network Effect,First,1,
Whitney,Jacobson,  ,2023-10-28,12:26:05,ground,The Hunting Party,1st,1,
Chantale,Lopez,  ,2022-12-06,18:39:46,air,The Water Knife,First,2,
Sydnee,Casey,Employee,2022-12-15,02:36:11,ground,Disappearing Earth,First,3,
Joseph,Jimenez,Pacific,2024-01-03,18:51:00,air,A Half-Built Garden,Pacific U Special Print,1,
Melanie,Foreman,  ,2024-02-06,02:41:08,drone,A Duty to the Dead,ten year anniversary,2,
Edan,Curtis,  ,2022-04-26,05:36:55,usps,Burnt Offerings,Second edition,1,
